{
  "manifest": "data/processed/icon_caption_jsonl_gt/train.jsonl",
  "alpha": 1.5,
  "mode": "minfreq",
  "topk": 2,
  "max_w": 50.0,
  "smooth": 1.0,
  "num_images": 176,
  "weights": [
    0.3535533905932738,
    0.19245008972987523,
    0.3535533905932738,
    0.3535533905932738,
    0.3535533905932738,
    0.3535533905932738,
    0.3535533905932738,
    0.3535533905932738,
    0.02741012223434215,
    0.3535533905932738,
    0.3535533905932738,
    0.3535533905932738,
    0.3535533905932738,
    0.0015396007178390021,
    0.3535533905932738,
    0.3535533905932738,
    0.3535533905932738,
    0.3535533905932738,
    0.3535533905932738,
    0.3535533905932738,
    0.3535533905932738,
    0.04419417382415922,
    0.3535533905932738,
    0.19245008972987523,
    0.3535533905932738,
    0.3535533905932738,
    0.3535533905932738,
    0.3535533905932738,
    0.04419417382415922,
    0.3535533905932738,
    0.3535533905932738,
    0.3535533905932738,
    0.3535533905932738,
    0.3535533905932738,
    0.3535533905932738,
    0.125,
    0.3535533905932738,
    0.3535533905932738,
    0.021334622931739582,
    0.3535533905932738,
    0.3535533905932738,
    0.3535533905932738,
    0.3535533905932738,
    0.3535533905932738,
    0.3535533905932738,
    0.3535533905932738,
    0.3535533905932738,
    0.3535533905932738,
    0.3535533905932738,
    0.19245008972987523,
    0.004829452884162952,
    0.3535533905932738,
    0.3535533905932738,
    0.3535533905932738,
    0.3535533905932738,
    0.3535533905932738,
    0.04419417382415922,
    0.3535533905932738,
    0.3535533905932738,
    0.3535533905932738,
    0.037037037037037035,
    0.0894427190999916,
    0.0894427190999916,
    0.3535533905932738,
    0.3535533905932738,
    0.3535533905932738,
    0.021334622931739582,
    0.3535533905932738,
    0.014266801472725469,
    0.3535533905932738,
    0.3535533905932738,
    0.3535533905932738,
    0.3535533905932738,
    0.0030070326520293005,
    0.0894427190999916,
    0.3535533905932738,
    0.3535533905932738,
    0.19245008972987523,
    0.3535533905932738,
    0.3535533905932738,
    0.3535533905932738,
    0.05399492471560389,
    0.06804138174397717,
    0.3535533905932738,
    0.3535533905932738,
    0.125,
    0.3535533905932738,
    0.01118033988749895,
    0.125,
    0.3535533905932738,
    0.19245008972987523,
    0.19245008972987523,
    0.19245008972987523,
    0.014266801472725469,
    0.19245008972987523,
    0.004829452884162952,
    0.3535533905932738,
    0.001232313258434247,
    0.004105850097566336,
    0.19245008972987523,
    0.19245008972987523,
    0.0894427190999916,
    0.19245008972987523,
    0.006749365589450486,
    0.02741012223434215,
    0.0894427190999916,
    0.06804138174397717,
    0.06804138174397717,
    0.015625,
    0.3535533905932738,
    0.015625,
    0.125,
    0.0894427190999916,
    0.3535533905932738,
    0.3535533905932738,
    0.125,
    0.021334622931739582,
    0.19245008972987523,
    0.0894427190999916,
    0.3535533905932738,
    0.05399492471560389,
    0.01721325931647741,
    0.05399492471560389,
    0.00754292827454554,
    0.006749365589450486,
    0.01721325931647741,
    0.0030070326520293005,
    0.3535533905932738,
    0.3535533905932738,
    0.00754292827454554,
    0.06804138174397717,
    0.01721325931647741,
    0.0894427190999916,
    0.004268984766599013,
    0.125,
    0.015625,
    0.19245008972987523,
    0.004105850097566336,
    0.19245008972987523,
    0.19245008972987523,
    0.3535533905932738,
    0.19245008972987523,
    0.06804138174397717,
    0.3535533905932738,
    0.19245008972987523,
    0.3535533905932738,
    0.01118033988749895,
    0.014266801472725469,
    0.005524271728019903,
    0.021334622931739582,
    0.014266801472725469,
    0.001232313258434247,
    0.3535533905932738,
    0.3535533905932738,
    0.3535533905932738,
    0.0316227766016838,
    0.19245008972987523,
    0.004105850097566336,
    0.037037037037037035,
    0.3535533905932738,
    0.001232313258434247,
    0.125,
    0.02741012223434215,
    0.3535533905932738,
    0.3535533905932738,
    0.02741012223434215,
    0.02741012223434215,
    0.037037037037037035,
    0.004105850097566336,
    0.0894427190999916,
    0.000459236160601464,
    0.3535533905932738,
    0.125,
    0.001232313258434247,
    0.3535533905932738,
    0.3535533905932738
  ],
  "top_labels": [
    [
      "search",
      167
    ],
    [
      "play",
      86
    ],
    [
      "checkmark",
      81
    ],
    [
      "menu",
      74
    ],
    [
      "downvote",
      60
    ],
    [
      "navigate to next",
      47
    ],
    [
      "file download",
      43
    ],
    [
      "home",
      38
    ],
    [
      "email",
      37
    ],
    [
      "file",
      34
    ],
    [
      "down arrow",
      34
    ],
    [
      "stop button",
      31
    ],
    [
      "cancel",
      28
    ],
    [
      "notification",
      28
    ],
    [
      "share",
      28
    ],
    [
      "download",
      27
    ],
    [
      "back",
      27
    ],
    [
      "chat",
      25
    ],
    [
      "expand",
      25
    ],
    [
      "cloud storage",
      21
    ],
    [
      "navigation menu",
      19
    ],
    [
      "navigate",
      19
    ],
    [
      "play button",
      18
    ],
    [
      "information",
      17
    ],
    [
      "play video",
      17
    ],
    [
      "select",
      17
    ],
    [
      "volume control",
      16
    ],
    [
      "navigate forward",
      16
    ],
    [
      "refresh",
      16
    ],
    [
      "flag",
      16
    ],
    [
      "expand menu",
      16
    ],
    [
      "question mark",
      15
    ],
    [
      "question",
      15
    ],
    [
      "open menu",
      14
    ],
    [
      "calculator",
      14
    ],
    [
      "add",
      13
    ],
    [
      "calendar",
      12
    ],
    [
      "edit",
      12
    ],
    [
      "arrow",
      12
    ],
    [
      "delete",
      12
    ],
    [
      "navigate up",
      11
    ],
    [
      "save",
      11
    ],
    [
      "settings",
      10
    ],
    [
      "file save",
      10
    ],
    [
      "navigate back",
      10
    ],
    [
      "tweet",
      10
    ],
    [
      "scroll down",
      9
    ],
    [
      "pin",
      9
    ],
    [
      "check mark",
      9
    ],
    [
      "list",
      9
    ]
  ]
}